,Product_name,Price,Review
0,"boAt 10000 mAh Power Bank (22.5 W, Quick Charge 3.0)  (Carbon Black, Lithium-ion)",1299.0,4.2
1,"SAMSUNG 10000 mAh Power Bank (25 W, Fast Charging)  (Beige, Lithium-ion)",1999.0,4.3
2,"ORAIMO 20000 mAh Power Bank (12 w, Fast Charging)  (Blue, Lithium Polymer)",1099.0,4.1
3,"ORAIMO 20000 mAh Power Bank (12 w, Fast Charging)  (Black, Lithium Polymer)",1099.0,4.1
4,"ORAIMO 20000 mAh Power Bank (12 w, Fast Charging)  (White, Lithium Polymer)",1099.0,4.1
5,"Syska 10000 mAh Power Bank (Fast Charging)  (Elegant Black, Lithium Polymer)",799.0,3.7
6,"AJYE 20000 mAh Power Bank  (Black, Lithium-ion)",569.0,4.2
7,"Ambrane 10000 mAh Power Bank (12 W, Fast Charging)  (Blue, Lithium Polymer)",899.0,4.1
8,"Intex 20000 mAh Power Bank (12 W, Fast Charging)  (Navy Blue, Lithium Polymer)",1199.0,3.8
9,"Ambrane 20000 mAh Power Bank (20 W, Power Delivery 3.0, Quick Charge 3.0)  (Blue, Lithium Polymer)",1999.0,4.2
10,"Ambrane 10000 mAh Power Bank (12 W, Fast Charging)  (Black, Lithium Polymer)",899.0,4.1
11,"AJYE 20000 mAh Power Bank  (Black, Lithium-ion)",569.0,5.0
12,"Mi 10000 mAh Wireless Power Bank  (Black, Lithium Polymer)",2499.0,4.2
13,"Ambrane 20000 mAh Power Bank (20 W, Power Delivery 3.0, Quick Charge 3.0)  (Black, Lithium Polymer)",1999.0,4.2
14,"Ambrane 20000 mAh Power Bank (20 W, Power Delivery 3.0, Quick Charge 3.0)  (Green, Lithium Polymer)",1999.0,4.2
15,"conekt 10000 mAh Power Bank (20 W, Power Delivery 3.0)  (Blue, Lithium Polymer)",593.0,3.7
16,"Strongvolt 20000 mAh Power Bank (12 W)  (Black, Lithium-ion)",649.0,3.6
17,"AJYE 10000 mAh Power Bank  (Black, Lithium-ion)",569.0,3.7
18,"Binori 20000 mAh Power Bank (Fast Charging)  (White, Lithium-ion)",490.0,3.4
19,"Syska 20000 mAh Power Bank (18 W, Fast Charging)  (Pearl Black, Lithium Polymer)",1549.0,4.0
20,"Intex 10000 mAh Power Bank (12 W, Fast Charging)  (Coal Black, Lithium Polymer)",799.0,3.8
21,"AJYE 20000 mAh Power Bank  (Black, Lithium-ion)",569.0,3.5
22,"Ambrane 27000 mAh Power Bank (20 W, Quick Charge 3.0, Power Delivery 2.0)  (Green, Lithium Polymer)",2399.0,4.2
23,"Intex 20000 mAh Power Bank (12 W, Fast Charging)  (Coal Black, Lithium Polymer)",1199.0,3.8
24,"conekt 10000 mAh Power Bank (20 W, Power Delivery 3.0)  (Black, Lithium Polymer)",599.0,3.7
25,"APPLE MagSafe Battery Pack Wireless Power Bank Compatible withIphone 12, Iphone 12 Pro, Iphone 12 Pro Max, Iphone 12 Mini, Iphone 13, Iphone 13 mini, Iphone 13 Pro , Iphone 13 Pro Max  (White, Lithium-ion)",9999.0,3.9
26,"AJYE 30000 mAh Power Bank  (Black, Lithium-ion)",569.0,1.7
27,"Ambrane 10000 mAh Power Bank (20 W, Quick Charge 3.0, Power Delivery 2.0)  (Black, Lithium Polymer)",999.0,4.1
28,"Ambrane 27000 mAh Power Bank (20 W, Quick Charge 3.0, Power Delivery 2.0)  (Black, Lithium Polymer)",2499.0,4.2
29,"Ambrane 10000 mAh Wireless Power Bank  (Black, Lithium Polymer)",2289.0,3.6
30,"Ambrane 20000 mAh Power Bank (10.5 W, Fast Charging)  (Green, Lithium Polymer)",1499.0,4.0
31,"Gizmore 10000 mAh Power Bank  (Black, Lithium Polymer)",599.0,3.6
32,"Ambrane 10000 mAh Power Bank (20 W, Quick Charge 3.0, Power Delivery 2.0)  (Blue, Lithium Polymer)",999.0,4.1
33,"Callmate 10000 mAh Power Bank (15 W, Fast Charging)  (Black, Lithium Polymer)",756.0,3.8
34,"Ambrane 27000 mAh Power Bank (18 W, Fast Charging)  (Black, Lithium Polymer)",2362.0,4.2
35,"Ambrane 10000 mAh Power Bank (20 W, Quick Charge 3.0, Power Delivery 2.0)  (Green, Lithium Polymer)",1179.0,4.1
36,"Intex 20000 mAh Power Bank (22 W, Fast Charging)  (Navy Blue, Lithium Polymer)",1499.0,3.7
37,"ORENICS 20000 mAh Power Bank (18 W, Fast Charging, Power Delivery 2.0)  (Black, Lithium Polymer)",1299.0,4.3
38,"Binori 20000 mAh Power Bank  (Pink, White, Lithium-ion)",498.0,3.3
39,"ZEBRONICS 10000 mAh Power Bank (20 W, Fast Charging)  (Blue, Lithium Polymer)",999.0,4.1
40,"boAt 10000 mAh Power Bank (22.5 W, Quick Charge 3.0)  (Carbon Black, Lithium-ion)",1299.0,4.2
41,"SAMSUNG 10000 mAh Power Bank (25 W, Fast Charging)  (Beige, Lithium-ion)",1999.0,4.3
42,"Mi 3i 20000 mAh Power Bank (Fast Charging, 18W)  (Black, Lithium Polymer)",2149.0,4.3
43,"boAt 20000 mAh Power Bank (22.5 W, Quick Charge 3.0)  (Carbon Black, Lithium-ion)",1799.0,4.8
44,"boAt 10000 mAh Power Bank (22.5 W, Quick Charge 3.0)  (Steel Blue, Lithium-ion)",1299.0,4.2
45,"Ambrane 10000 mAh Power Bank (12 W, Fast Charging)  (Black, Lithium Polymer)",899.0,4.1
46,"Mi 3i 10000 mAh Power Bank (Fast Charging, 18W)  (Blue, Lithium Polymer)",1299.0,4.3
47,"AJYE 20000 mAh Power Bank  (Black, Lithium-ion)",569.0,4.2
48,"Mi 3i 10000 mAh Power Bank (Fast Charging, 18W)  (Black, Lithium Polymer)",1299.0,4.3
49,"Mi 10000 mAh Power Bank (22.5 W, Fast Charging)  (Black, Lithium Polymer)",1699.0,4.3
50,"AJYE 20000 mAh Power Bank  (Black, Lithium-ion)",569.0,5.0
51,"Strongvolt 20000 mAh Power Bank (12 W)  (Black, Lithium-ion)",649.0,3.6
52,"Mi 30000 mAh Power Bank (18 W, Fast Charging, Power Delivery 3.0)  (Black, Lithium Polymer)",3499.0,4.3
53,"Spigen 10000 mAh Wireless Power Bank (20 W, Power Delivery 3.0)  (Black, Lithium Polymer)",1599.0,4.4
54,"Flipkart SmartBuy 20000 mAh Power Bank (22.5 W, Power Delivery 3.0, Quick Charge 3.0)  (Black, Lithium Polymer)",1299.0,4.0
55,"Ambrane 10000 mAh Wireless Power Bank  (Purple, Lithium Polymer)",2088.0,3.6
56,"AJYE 10000 mAh Power Bank  (Black, Lithium-ion)",569.0,4.2
57,"Intex 10000 mAh Power Bank (12 W, Fast Charging)  (Coal Black, Lithium Polymer)",799.0,3.8
58,"Syska 20000 mAh Power Bank (18 W, Fast Charging)  (Midnight Blue, Lithium Polymer)",1549.0,4.1
59,"Ambrane 10000 mAh Power Bank (12 W, Fast Charging)  (Blue, Lithium Polymer)",899.0,4.1
60,"AJYE 20000 mAh Power Bank  (Black, Lithium-ion)",569.0,3.5
61,"AJYE 30000 mAh Power Bank  (Black, Lithium-ion)",569.0,1.7
62,"Ambrane 10000 mAh Wireless Power Bank  (Black, Lithium Polymer)",2289.0,3.6
63,"REDMI 10000 mAh Power Bank (10 W, Fast Charging)  (White, Lithium Polymer)",1199.0,4.2
64,"REDMI 10000 mAh Power Bank (10 W, Fast Charging)  (Black, Lithium Polymer)",1199.0,4.2
65,"Intex 10000 mAh Power Bank (22 W, Fast Charging, Quick Charge 3.0)  (Navy Blue, Lithium Polymer)",899.0,3.7
66,"Gizmore 10000 mAh Power Bank  (Black, Lithium Polymer)",599.0,3.6
67,"Intex 20000 mAh Power Bank (22 W, Fast Charging)  (Coal Black, Lithium Polymer)",1499.0,3.7
68,"Intex 10000 mAh Power Bank (22 W, Fast Charging)  (Coal Black, Lithium Polymer)",899.0,3.7
69,"AMYTEL 20000 mAh Power Bank (25 W, Fast Charging, Quick Charge 4.0)  (Black, Lithium Polymer)",899.0,3.9
70,"ORENICS 20000 mAh Power Bank (18 W, Fast Charging, Power Delivery 2.0)  (Black, Lithium Polymer)",1299.0,4.0
71,"Foxin 20000 mAh Power Bank (12 W, Fast Charging)  (Blue, Lithium-ion)",1099.0,3.8
72,"Intex 20000 mAh Power Bank (22 W, Fast Charging)  (Navy Blue, Lithium Polymer)",1499.0,3.7
73,"Ambrane 27000 mAh Power Bank (20 W, Quick Charge 3.0, Power Delivery 2.0)  (Green, Lithium Polymer)",2399.0,4.2
74,"Ambrane 27000 mAh Power Bank (20 W, Quick Charge 3.0, Power Delivery 2.0)  (Black, Lithium Polymer)",2499.0,4.2
75,"Callmate 10000 mAh Power Bank (15 W, Fast Charging)  (Black, Lithium Polymer)",1299.0,3.1
76,"Intex 20000 mAh Power Bank (12 W, Fast Charging)  (Navy Blue, Lithium Polymer)",1199.0,3.8
77,"zofia 20000 mAh Power Bank (18 W, Fast Charging, Power Delivery 2.0)  (Pink, Lithium-ion)",699.0,3.2
78,"Ambrane 20000 mAh Power Bank (20 W, Quick Charge 3.0, Power Delivery 2.0)  (Green, Lithium Polymer)",1799.0,4.1
79,"Ambrane 20000 mAh Power Bank (20 W, Quick Charge 3.0, Power Delivery 2.0)  (Blue, Lithium Polymer)",1799.0,4.1
80,"boAt 10000 mAh Power Bank (22.5 W, Quick Charge 3.0)  (Carbon Black, Lithium-ion)",1299.0,4.2
81,"SAMSUNG 10000 mAh Power Bank (25 W, Fast Charging)  (Beige, Lithium-ion)",1999.0,4.3
82,"MI-STS 20000 mAh Power Bank (15 W, Fast Charging)  (FX07 Dual USB Fast Charging 20000mAH Li-Ion Power Bank with LED Display Black, Lithium-ion)",699.0,3.9
83,"Ambrane 50000 mAh Power Bank (20 W, Power Delivery 3.0, Power Delivery 3.0)  (Black, Lithium Polymer)",4476.0,4.2
84,"Ambrane 50000 mAh Power Bank (20 W, Power Delivery 3.0, Quick Charge 3.0)  (Blue, Lithium Polymer)",4499.0,4.2
85,"ZEBRONICS 10000 mAh Power Bank (20 W, Fast Charging)  (Blue, Lithium Polymer)",999.0,4.1
86,"AJYE 20000 mAh Power Bank  (Black, Lithium-ion)",569.0,4.2
87,"AJYE 20000 mAh Power Bank  (Black, Lithium-ion)",569.0,5.0
88,"Callmate 10000 mAh Power Bank (23 W, Fast Charging, Power Delivery 3.0)  (Black, Lithium-ion)",1099.0,4.1
89,"Ambrane 20000 mAh Power Bank (10.5 W, Fast Charging)  (Green, Lithium Polymer)",1499.0,4.0
90,"Strongvolt 20000 mAh Power Bank (12 W)  (Black, Lithium-ion)",649.0,3.6
91,"AJYE 10000 mAh Power Bank  (Black, Lithium-ion)",569.0,3.7
92,"Ambrane 20000 mAh Power Bank (10.5 W, Fast Charging)  (Blue, Lithium Polymer)",1499.0,4.0
93,"conekt 10000 mAh Power Bank (20 W, Power Delivery 3.0)  (Blue, Lithium Polymer)",593.0,3.7
94,"conekt 10000 mAh Power Bank (20 W, Power Delivery 3.0)  (Black, Lithium Polymer)",599.0,3.7
95,"DG 50000 mAh Power Bank (18 W, Fast Charging)  (Black, Lithium Polymer)",1599.0,4.2
96,"Intex 10000 mAh Power Bank (12 W, Fast Charging)  (Coal Black, Lithium Polymer)",799.0,3.8
97,"AJYE 20000 mAh Power Bank  (Black, Lithium-ion)",569.0,3.5
98,"Ambrane 20000 mAh Power Bank (10.5 W, Fast Charging)  (Black, Lithium Polymer)",1499.0,4.0
99,"REDMI 20000 mAh Power Bank (18 W, Fast Charging)  (Black, Lithium Polymer)",2049.0,4.3
100,"AJYE 30000 mAh Power Bank  (Black, Lithium-ion)",569.0,1.7
101,"Gizmore 10000 mAh Power Bank  (Black, Lithium Polymer)",599.0,3.6
102,"REDMI 20000 mAh Power Bank (18 W, Fast Charging)  (White, Lithium Polymer)",2049.0,4.3
103,"Intex 10000 mAh Power Bank (12 W, Fast Charging)  (Navy Blue, Lithium Polymer)",799.0,3.8
104,"Flipkart SmartBuy 10000 mAh Power Bank (12 W, Fast Charging)  (Black, Lithium Polymer)",799.0,4.0
105,"Ambrane 10000 mAh Power Bank (20 W, Quick Charge 3.0, Power Delivery 2.0)  (Green, Lithium Polymer)",1179.0,4.1
106,"Intex 20000 mAh Power Bank (22 W, Fast Charging)  (Coal Black, Lithium Polymer)",1499.0,3.7
107,"ORENICS 20000 mAh Power Bank (18 W, Fast Charging, Power Delivery 2.0)  (Black, Lithium Polymer)",1299.0,4.0
108,"Syska 10000 mAh Power Bank (Fast Charging)  (Elegant Black, Lithium Polymer)",799.0,3.7
109,"Ambrane 10000 mAh Power Bank (20 W, Quick Charge 3.0, Power Delivery 2.0)  (Blue, Lithium Polymer)",999.0,4.1
110,"Foxin 20000 mAh Power Bank (12 W, Fast Charging)  (Blue, Lithium-ion)",1099.0,4.3
111,"Intex 20000 mAh Power Bank (12 W, Fast Charging)  (Navy Blue, Lithium Polymer)",1199.0,3.8
112,"Ambrane 10000 mAh Power Bank (20 W, Quick Charge 3.0, Power Delivery 2.0)  (Black, Lithium Polymer)",999.0,4.1
113,"Spigen 10000 mAh Wireless Power Bank (20 W, Fast Charging, Power Delivery 3.0, Quick Charge 3.0)  (Black, Lithium Polymer)",2499.0,4.0
114,"Mi 10000 mAh Wireless Power Bank  (Black, Lithium Polymer)",2499.0,4.2
115,"Intex 20000 mAh Power Bank (12 W, Fast Charging)  (Coal Black, Lithium Polymer)",1199.0,3.8
116,"Intex 10000 mAh Power Bank (22 W, Fast Charging, Quick Charge 3.0)  (Navy Blue, Lithium Polymer)",899.0,3.7
117,"zofia 20000 mAh Power Bank (18 W, Fast Charging, Power Delivery 2.0)  (Pink, Lithium-ion)",699.0,3.2
118,"FIGER 32500 mAh Power Bank  (White, Lithium-ion)",499.0,3.2
119,"Binori 20000 mAh Power Bank (Fast Charging)  (White, Lithium-ion)",490.0,3.4
120,"boAt 10000 mAh Power Bank (22.5 W, Quick Charge 3.0)  (Carbon Black, Lithium-ion)",1299.0,4.2
121,"SAMSUNG 10000 mAh Power Bank (25 W, Fast Charging)  (Beige, Lithium-ion)",1999.0,4.3
122,"Mi 3i 20000 mAh Power Bank (Fast Charging, 18W)  (Black, Lithium Polymer)",2149.0,4.3
123,"boAt 20000 mAh Power Bank (22.5 W, Quick Charge 3.0)  (Carbon Black, Lithium-ion)",1799.0,4.2
124,"boAt 10000 mAh Power Bank (22.5 W, Quick Charge 3.0)  (Steel Blue, Lithium-ion)",1299.0,4.2
125,"Ambrane 10000 mAh Power Bank (12 W, Fast Charging)  (Black, Lithium Polymer)",899.0,4.1
126,"Mi 3i 10000 mAh Power Bank (Fast Charging, 18W)  (Blue, Lithium Polymer)",1299.0,4.3
127,"AJYE 20000 mAh Power Bank  (Black, Lithium-ion)",569.0,4.2
128,"Mi 3i 10000 mAh Power Bank (Fast Charging, 18W)  (Black, Lithium Polymer)",1299.0,4.3
129,"Mi 10000 mAh Power Bank (22.5 W, Fast Charging)  (Black, Lithium Polymer)",1699.0,4.3
130,"AJYE 20000 mAh Power Bank  (Black, Lithium-ion)",569.0,5.0
131,"Strongvolt 20000 mAh Power Bank (12 W)  (Black, Lithium-ion)",649.0,3.6
132,"Mi 30000 mAh Power Bank (18 W, Fast Charging, Power Delivery 3.0)  (Black, Lithium Polymer)",3499.0,4.3
133,"Spigen 10000 mAh Wireless Power Bank (20 W, Power Delivery 3.0)  (Black, Lithium Polymer)",1599.0,4.4
134,"Flipkart SmartBuy 20000 mAh Power Bank (22.5 W, Power Delivery 3.0, Quick Charge 3.0)  (Black, Lithium Polymer)",1299.0,4.0
135,"Ambrane 10000 mAh Wireless Power Bank  (Purple, Lithium Polymer)",2088.0,3.6
136,"AJYE 10000 mAh Power Bank  (Black, Lithium-ion)",569.0,3.7
137,"Intex 10000 mAh Power Bank (12 W, Fast Charging)  (Coal Black, Lithium Polymer)",799.0,3.8
138,"Syska 20000 mAh Power Bank (18 W, Fast Charging)  (Midnight Blue, Lithium Polymer)",1549.0,4.1
139,"Ambrane 10000 mAh Power Bank (12 W, Fast Charging)  (Blue, Lithium Polymer)",899.0,4.1
140,"AJYE 20000 mAh Power Bank  (Black, Lithium-ion)",569.0,3.5
141,"AJYE 30000 mAh Power Bank  (Black, Lithium-ion)",569.0,1.7
142,"Ambrane 10000 mAh Wireless Power Bank  (Black, Lithium Polymer)",2289.0,3.6
143,"REDMI 10000 mAh Power Bank (10 W, Fast Charging)  (White, Lithium Polymer)",1199.0,4.2
144,"REDMI 10000 mAh Power Bank (10 W, Fast Charging)  (Black, Lithium Polymer)",1199.0,4.2
145,"Intex 10000 mAh Power Bank (22 W, Fast Charging, Quick Charge 3.0)  (Navy Blue, Lithium Polymer)",899.0,3.7
146,"Gizmore 10000 mAh Power Bank  (Black, Lithium Polymer)",599.0,3.6
147,"Intex 20000 mAh Power Bank (22 W, Fast Charging)  (Coal Black, Lithium Polymer)",1499.0,3.7
148,"Intex 10000 mAh Power Bank (22 W, Fast Charging)  (Coal Black, Lithium Polymer)",899.0,3.7
149,"AMYTEL 20000 mAh Power Bank (25 W, Fast Charging, Quick Charge 4.0)  (Black, Lithium Polymer)",899.0,3.9
150,"ORENICS 20000 mAh Power Bank (18 W, Fast Charging, Power Delivery 2.0)  (Black, Lithium Polymer)",1299.0,4.3
151,"Foxin 20000 mAh Power Bank (12 W, Fast Charging)  (Blue, Lithium-ion)",1099.0,3.8
152,"Intex 20000 mAh Power Bank (22 W, Fast Charging)  (Navy Blue, Lithium Polymer)",1499.0,3.7
153,"Ambrane 27000 mAh Power Bank (20 W, Quick Charge 3.0, Power Delivery 2.0)  (Green, Lithium Polymer)",2399.0,4.2
154,"Ambrane 27000 mAh Power Bank (20 W, Quick Charge 3.0, Power Delivery 2.0)  (Black, Lithium Polymer)",2499.0,4.2
155,"Callmate 10000 mAh Power Bank (15 W, Fast Charging)  (Black, Lithium Polymer)",1299.0,3.1
156,"Intex 20000 mAh Power Bank (12 W, Fast Charging)  (Navy Blue, Lithium Polymer)",1199.0,3.8
157,"zofia 20000 mAh Power Bank (18 W, Fast Charging, Power Delivery 2.0)  (Pink, Lithium-ion)",699.0,3.2
158,"Ambrane 20000 mAh Power Bank (20 W, Quick Charge 3.0, Power Delivery 2.0)  (Green, Lithium Polymer)",1799.0,4.1
159,"Ambrane 20000 mAh Power Bank (20 W, Quick Charge 3.0, Power Delivery 2.0)  (Blue, Lithium Polymer)",1799.0,4.1
160,"ORAIMO 20000 mAh Power Bank (12 w, Fast Charging)  (Blue, Lithium Polymer)",1099.0,4.1
161,"ORAIMO 20000 mAh Power Bank (12 w, Fast Charging)  (Black, Lithium Polymer)",1099.0,4.1
162,"ORAIMO 20000 mAh Power Bank (12 w, Fast Charging)  (White, Lithium Polymer)",1099.0,4.1
163,"Syska 10000 mAh Power Bank (Fast Charging)  (Elegant Black, Lithium Polymer)",799.0,3.7
164,"Intex 20000 mAh Power Bank (12 W, Fast Charging)  (Navy Blue, Lithium Polymer)",1199.0,3.8
165,"Ambrane 20000 mAh Power Bank (20 W, Power Delivery 3.0, Quick Charge 3.0)  (Blue, Lithium Polymer)",1999.0,4.2
166,"Mi 10000 mAh Wireless Power Bank  (Black, Lithium Polymer)",2499.0,4.2
167,"Ambrane 20000 mAh Power Bank (20 W, Power Delivery 3.0, Quick Charge 3.0)  (Black, Lithium Polymer)",1999.0,4.2
168,"Ambrane 20000 mAh Power Bank (20 W, Power Delivery 3.0, Quick Charge 3.0)  (Green, Lithium Polymer)",1999.0,4.2
169,"conekt 10000 mAh Power Bank (20 W, Power Delivery 3.0)  (Blue, Lithium Polymer)",593.0,3.7
170,"Binori 20000 mAh Power Bank (Fast Charging)  (White, Lithium-ion)",490.0,3.4
171,"Syska 20000 mAh Power Bank (18 W, Fast Charging)  (Pearl Black, Lithium Polymer)",1549.0,4.0
172,"Ambrane 27000 mAh Power Bank (20 W, Quick Charge 3.0, Power Delivery 2.0)  (Green, Lithium Polymer)",2399.0,4.2
173,"Intex 20000 mAh Power Bank (12 W, Fast Charging)  (Coal Black, Lithium Polymer)",1199.0,3.8
174,"conekt 10000 mAh Power Bank (20 W, Power Delivery 3.0)  (Black, Lithium Polymer)",599.0,3.7
175,"APPLE MagSafe Battery Pack Wireless Power Bank Compatible withIphone 12, Iphone 12 Pro, Iphone 12 Pro Max, Iphone 12 Mini, Iphone 13, Iphone 13 mini, Iphone 13 Pro , Iphone 13 Pro Max  (White, Lithium-ion)",9999.0,3.9
176,"Ambrane 27000 mAh Power Bank (20 W, Quick Charge 3.0, Power Delivery 2.0)  (Black, Lithium Polymer)",2499.0,4.2
177,"Ambrane 10000 mAh Wireless Power Bank  (Black, Lithium Polymer)",2289.0,3.6
178,"Ambrane 10000 mAh Power Bank (20 W, Quick Charge 3.0, Power Delivery 2.0)  (Blue, Lithium Polymer)",999.0,4.1
179,"Ambrane 10000 mAh Power Bank (20 W, Quick Charge 3.0, Power Delivery 2.0)  (Black, Lithium Polymer)",999.0,4.1
180,"Callmate 10000 mAh Power Bank (15 W, Fast Charging)  (Black, Lithium Polymer)",756.0,3.8
181,"Ambrane 27000 mAh Power Bank (18 W, Fast Charging)  (Black, Lithium Polymer)",2362.0,4.2
182,"Ambrane 10000 mAh Power Bank (20 W, Quick Charge 3.0, Power Delivery 2.0)  (Green, Lithium Polymer)",1179.0,4.1
183,"Binori 20000 mAh Power Bank  (Pink, White, Lithium-ion)",498.0,3.3
184,"ZEBRONICS 10000 mAh Power Bank (20 W, Fast Charging)  (Blue, Lithium Polymer)",999.0,4.1
185,"Callmate 2600 mAh Power Bank  (White, Lithium-ion)",379.0,3.4
186,"Ambrane 20000 mAh Power Bank (22.5 W, Fast Charging)  (Green, Lithium Polymer)",2669.0,4.2
187,"ZEBRONICS 10000 mAh Power Bank (20 W, Fast Charging)  (Black, Lithium Polymer)",999.0,4.8
188,"ORAIMO 10000 mAh Power Bank (12 W, Fast Charging)  (Black, Lithium Polymer)",799.0,4.0
189,"Syska 20000 mAh Power Bank (12 W, Fast Charging)  (Jet Black, Lithium Polymer)",1399.0,4.0
190,"Portronics 10000 mAh Power Bank (12 W, Fast Charging)  (White, Lithium Polymer)",699.0,4.1
191,"AMYTEL 15 mAh Power Bank  (Black, Blue, Lithium-ion)",949.0,3.7
192,"QUNICX 50000 mAh Power Bank  (White, Lithium-ion)",1274.0,3.4
193,"Spigen 10000 mAh Wireless Power Bank (20 W, Fast Charging, Power Delivery 3.0, Quick Charge 3.0)  (Black, Lithium Polymer)",2499.0,4.8
194,"Callmate 80000 mAh Power Bank (15 W, Fast Charging)  (Black, Lithium Polymer)",3499.0,3.7
195,"PoMiFi 25000 mAh Power Bank  (Black, Lithium-ion)",499.0,3.2
196,"Callmate 20000 mAh Power Bank (15 W, Fast Charging)  (Blue, Lithium Polymer)",1149.0,3.8
197,"Portronics 10000 mAh Power Bank  (White, Lithium Polymer)",699.0,3.7
198,"MIMO BINORI 28000 mAh Power Bank (18 W, Fast Charging)  (Black, Lithium Polymer)",990.0,3.2
199,"Callmate 10000 mAh Power Bank (15 W, Fast Charging)  (Black, Lithium Polymer)",995.0,3.6
200,"boAt 10000 mAh Power Bank (22.5 W, Quick Charge 3.0)  (Carbon Black, Lithium-ion)",1299.0,4.2
201,"SAMSUNG 10000 mAh Power Bank (25 W, Fast Charging)  (Beige, Lithium-ion)",1999.0,4.3
202,"Mi 3i 20000 mAh Power Bank (Fast Charging, 18W)  (Black, Lithium Polymer)",2149.0,4.3
203,"boAt 20000 mAh Power Bank (22.5 W, Quick Charge 3.0)  (Carbon Black, Lithium-ion)",1799.0,4.8
204,"boAt 10000 mAh Power Bank (22.5 W, Quick Charge 3.0)  (Steel Blue, Lithium-ion)",1299.0,4.2
205,"Ambrane 10000 mAh Power Bank (12 W, Fast Charging)  (Black, Lithium Polymer)",899.0,4.1
206,"Mi 3i 10000 mAh Power Bank (Fast Charging, 18W)  (Blue, Lithium Polymer)",1299.0,4.3
207,"AJYE 20000 mAh Power Bank  (Black, Lithium-ion)",569.0,4.2
208,"Mi 3i 10000 mAh Power Bank (Fast Charging, 18W)  (Black, Lithium Polymer)",1299.0,4.3
209,"Mi 10000 mAh Power Bank (22.5 W, Fast Charging)  (Black, Lithium Polymer)",1699.0,4.3
210,"AJYE 20000 mAh Power Bank  (Black, Lithium-ion)",569.0,5.0
211,"Strongvolt 20000 mAh Power Bank (12 W)  (Black, Lithium-ion)",649.0,3.6
212,"Mi 30000 mAh Power Bank (18 W, Fast Charging, Power Delivery 3.0)  (Black, Lithium Polymer)",3499.0,4.3
213,"Spigen 10000 mAh Wireless Power Bank (20 W, Power Delivery 3.0)  (Black, Lithium Polymer)",1599.0,4.4
214,"Flipkart SmartBuy 20000 mAh Power Bank (22.5 W, Power Delivery 3.0, Quick Charge 3.0)  (Black, Lithium Polymer)",1299.0,4.0
215,"Ambrane 10000 mAh Wireless Power Bank  (Purple, Lithium Polymer)",2088.0,3.6
216,"AJYE 10000 mAh Power Bank  (Black, Lithium-ion)",569.0,3.7
217,"Intex 10000 mAh Power Bank (12 W, Fast Charging)  (Coal Black, Lithium Polymer)",799.0,3.8
218,"Syska 20000 mAh Power Bank (18 W, Fast Charging)  (Midnight Blue, Lithium Polymer)",1549.0,4.1
219,"Ambrane 10000 mAh Power Bank (12 W, Fast Charging)  (Blue, Lithium Polymer)",899.0,4.1
220,"AJYE 20000 mAh Power Bank  (Black, Lithium-ion)",569.0,3.5
221,"AJYE 30000 mAh Power Bank  (Black, Lithium-ion)",569.0,1.7
222,"Ambrane 10000 mAh Wireless Power Bank  (Black, Lithium Polymer)",2289.0,3.6
223,"REDMI 10000 mAh Power Bank (10 W, Fast Charging)  (White, Lithium Polymer)",1199.0,4.2
224,"REDMI 10000 mAh Power Bank (10 W, Fast Charging)  (Black, Lithium Polymer)",1199.0,4.2
225,"Intex 10000 mAh Power Bank (22 W, Fast Charging, Quick Charge 3.0)  (Navy Blue, Lithium Polymer)",899.0,3.7
226,"Gizmore 10000 mAh Power Bank  (Black, Lithium Polymer)",599.0,3.6
227,"Intex 20000 mAh Power Bank (22 W, Fast Charging)  (Coal Black, Lithium Polymer)",1499.0,3.7
228,"Intex 10000 mAh Power Bank (22 W, Fast Charging)  (Coal Black, Lithium Polymer)",899.0,3.7
229,"AMYTEL 20000 mAh Power Bank (25 W, Fast Charging, Quick Charge 4.0)  (Black, Lithium Polymer)",899.0,3.9
230,"ORENICS 20000 mAh Power Bank (18 W, Fast Charging, Power Delivery 2.0)  (Black, Lithium Polymer)",1299.0,4.0
231,"Foxin 20000 mAh Power Bank (12 W, Fast Charging)  (Blue, Lithium-ion)",1099.0,3.8
232,"Intex 20000 mAh Power Bank (22 W, Fast Charging)  (Navy Blue, Lithium Polymer)",1499.0,3.7
233,"Ambrane 27000 mAh Power Bank (20 W, Quick Charge 3.0, Power Delivery 2.0)  (Green, Lithium Polymer)",2399.0,4.2
234,"Ambrane 27000 mAh Power Bank (20 W, Quick Charge 3.0, Power Delivery 2.0)  (Black, Lithium Polymer)",2499.0,4.2
235,"Callmate 10000 mAh Power Bank (15 W, Fast Charging)  (Black, Lithium Polymer)",1299.0,3.1
236,"Intex 20000 mAh Power Bank (12 W, Fast Charging)  (Navy Blue, Lithium Polymer)",1199.0,3.8
237,"zofia 20000 mAh Power Bank (18 W, Fast Charging, Power Delivery 2.0)  (Pink, Lithium-ion)",699.0,3.2
238,"Ambrane 20000 mAh Power Bank (20 W, Quick Charge 3.0, Power Delivery 2.0)  (Green, Lithium Polymer)",1799.0,4.1
239,"Ambrane 20000 mAh Power Bank (20 W, Quick Charge 3.0, Power Delivery 2.0)  (Blue, Lithium Polymer)",1799.0,4.1
240,"boAt 10000 mAh Power Bank (22.5 W, Quick Charge 3.0)  (Carbon Black, Lithium-ion)",1299.0,4.2
241,"SAMSUNG 10000 mAh Power Bank (25 W, Fast Charging)  (Beige, Lithium-ion)",1999.0,4.3
242,"ORAIMO 20000 mAh Power Bank (12 w, Fast Charging)  (Blue, Lithium Polymer)",1099.0,4.1
243,"ORAIMO 20000 mAh Power Bank (12 w, Fast Charging)  (Black, Lithium Polymer)",1099.0,4.1
244,"ORAIMO 20000 mAh Power Bank (12 w, Fast Charging)  (White, Lithium Polymer)",1099.0,4.1
245,"Syska 10000 mAh Power Bank (Fast Charging)  (Elegant Black, Lithium Polymer)",799.0,3.7
246,"AJYE 20000 mAh Power Bank  (Black, Lithium-ion)",569.0,4.2
247,"Ambrane 10000 mAh Power Bank (12 W, Fast Charging)  (Blue, Lithium Polymer)",899.0,4.1
248,"Intex 20000 mAh Power Bank (12 W, Fast Charging)  (Navy Blue, Lithium Polymer)",1199.0,3.8
249,"Ambrane 20000 mAh Power Bank (20 W, Power Delivery 3.0, Quick Charge 3.0)  (Blue, Lithium Polymer)",1999.0,4.2
250,"Ambrane 10000 mAh Power Bank (12 W, Fast Charging)  (Black, Lithium Polymer)",899.0,4.1
251,"AJYE 20000 mAh Power Bank  (Black, Lithium-ion)",569.0,5.0
252,"Mi 10000 mAh Wireless Power Bank  (Black, Lithium Polymer)",2499.0,4.2
253,"Ambrane 20000 mAh Power Bank (20 W, Power Delivery 3.0, Quick Charge 3.0)  (Black, Lithium Polymer)",1999.0,4.2
254,"Ambrane 20000 mAh Power Bank (20 W, Power Delivery 3.0, Quick Charge 3.0)  (Green, Lithium Polymer)",1999.0,4.2
255,"conekt 10000 mAh Power Bank (20 W, Power Delivery 3.0)  (Blue, Lithium Polymer)",593.0,3.7
256,"Strongvolt 20000 mAh Power Bank (12 W)  (Black, Lithium-ion)",649.0,3.6
257,"AJYE 10000 mAh Power Bank  (Black, Lithium-ion)",569.0,4.2
258,"Binori 20000 mAh Power Bank (Fast Charging)  (White, Lithium-ion)",490.0,3.4
259,"Syska 20000 mAh Power Bank (18 W, Fast Charging)  (Pearl Black, Lithium Polymer)",1549.0,4.0
260,"Intex 10000 mAh Power Bank (12 W, Fast Charging)  (Coal Black, Lithium Polymer)",799.0,3.8
261,"AJYE 20000 mAh Power Bank  (Black, Lithium-ion)",569.0,3.5
262,"Ambrane 27000 mAh Power Bank (20 W, Quick Charge 3.0, Power Delivery 2.0)  (Green, Lithium Polymer)",2399.0,4.2
263,"Intex 20000 mAh Power Bank (12 W, Fast Charging)  (Coal Black, Lithium Polymer)",1199.0,3.8
264,"conekt 10000 mAh Power Bank (20 W, Power Delivery 3.0)  (Black, Lithium Polymer)",599.0,3.7
265,"APPLE MagSafe Battery Pack Wireless Power Bank Compatible withIphone 12, Iphone 12 Pro, Iphone 12 Pro Max, Iphone 12 Mini, Iphone 13, Iphone 13 mini, Iphone 13 Pro , Iphone 13 Pro Max  (White, Lithium-ion)",9999.0,3.9
266,"AJYE 30000 mAh Power Bank  (Black, Lithium-ion)",569.0,1.7
267,"Ambrane 10000 mAh Power Bank (20 W, Quick Charge 3.0, Power Delivery 2.0)  (Black, Lithium Polymer)",999.0,4.1
268,"Ambrane 27000 mAh Power Bank (20 W, Quick Charge 3.0, Power Delivery 2.0)  (Black, Lithium Polymer)",2499.0,4.2
269,"Ambrane 10000 mAh Wireless Power Bank  (Black, Lithium Polymer)",2289.0,3.6
270,"Ambrane 20000 mAh Power Bank (10.5 W, Fast Charging)  (Green, Lithium Polymer)",1499.0,4.0
271,"Gizmore 10000 mAh Power Bank  (Black, Lithium Polymer)",599.0,3.6
272,"Ambrane 10000 mAh Power Bank (20 W, Quick Charge 3.0, Power Delivery 2.0)  (Blue, Lithium Polymer)",999.0,4.1
273,"Callmate 10000 mAh Power Bank (15 W, Fast Charging)  (Black, Lithium Polymer)",756.0,3.8
274,"Ambrane 27000 mAh Power Bank (18 W, Fast Charging)  (Black, Lithium Polymer)",2362.0,4.2
275,"Ambrane 10000 mAh Power Bank (20 W, Quick Charge 3.0, Power Delivery 2.0)  (Green, Lithium Polymer)",1179.0,4.1
276,"Intex 20000 mAh Power Bank (22 W, Fast Charging)  (Navy Blue, Lithium Polymer)",1499.0,3.7
277,"ORENICS 20000 mAh Power Bank (18 W, Fast Charging, Power Delivery 2.0)  (Black, Lithium Polymer)",1299.0,4.3
278,"Binori 20000 mAh Power Bank  (Pink, White, Lithium-ion)",498.0,3.3
279,"ZEBRONICS 10000 mAh Power Bank (20 W, Fast Charging)  (Blue, Lithium Polymer)",999.0,4.1
280,"boAt 10000 mAh Power Bank (22.5 W, Quick Charge 3.0)  (Carbon Black, Lithium-ion)",1299.0,4.2
281,"SAMSUNG 10000 mAh Power Bank (25 W, Fast Charging)  (Beige, Lithium-ion)",1999.0,4.3
282,"Mi 3i 20000 mAh Power Bank (Fast Charging, 18W)  (Black, Lithium Polymer)",2149.0,4.3
283,"boAt 20000 mAh Power Bank (22.5 W, Quick Charge 3.0)  (Carbon Black, Lithium-ion)",1799.0,4.8
284,"boAt 10000 mAh Power Bank (22.5 W, Quick Charge 3.0)  (Steel Blue, Lithium-ion)",1299.0,4.2
285,"Mi 3i 10000 mAh Power Bank (Fast Charging, 18W)  (Blue, Lithium Polymer)",1299.0,4.3
286,"Mi 3i 10000 mAh Power Bank (Fast Charging, 18W)  (Black, Lithium Polymer)",1299.0,4.3
287,"AJYE 20000 mAh Power Bank  (Black, Lithium-ion)",569.0,4.2
288,"Mi 10000 mAh Power Bank (22.5 W, Fast Charging)  (Black, Lithium Polymer)",1699.0,4.3
289,"Ambrane 10000 mAh Power Bank (12 W, Fast Charging)  (Black, Lithium Polymer)",899.0,4.1
290,"Ambrane 10000 mAh Power Bank (12 W, Fast Charging)  (Blue, Lithium Polymer)",899.0,4.1
291,"AJYE 20000 mAh Power Bank  (Black, Lithium-ion)",569.0,5.0
292,"Mi 30000 mAh Power Bank (18 W, Fast Charging, Power Delivery 3.0)  (Black, Lithium Polymer)",3499.0,4.3
293,"Flipkart SmartBuy 20000 mAh Power Bank (22.5 W, Power Delivery 3.0, Quick Charge 3.0)  (Black, Lithium Polymer)",1299.0,4.0
294,"Spigen 10000 mAh Wireless Power Bank (20 W, Power Delivery 3.0)  (Black, Lithium Polymer)",1599.0,4.4
295,"AMYTEL 20000 mAh Power Bank (25 W, Fast Charging, Quick Charge 4.0)  (Black, Lithium Polymer)",899.0,3.9
296,"Strongvolt 20000 mAh Power Bank (12 W)  (Black, Lithium-ion)",649.0,3.6
297,"AJYE 10000 mAh Power Bank  (Black, Lithium-ion)",569.0,4.2
298,"Intex 10000 mAh Power Bank (22 W, Fast Charging, Quick Charge 3.0)  (Navy Blue, Lithium Polymer)",899.0,3.7
299,"Intex 10000 mAh Power Bank (22 W, Fast Charging)  (Coal Black, Lithium Polymer)",899.0,3.7
300,"Intex 10000 mAh Power Bank (12 W, Fast Charging)  (Coal Black, Lithium Polymer)",799.0,3.8
301,"AJYE 20000 mAh Power Bank  (Black, Lithium-ion)",569.0,3.5
302,"Spigen 10000 mAh Wireless Power Bank (20 W, Fast Charging)  (Black, Lithium Polymer)",2349.0,4.0
303,"REDMI 10000 mAh Power Bank (10 W, Fast Charging)  (White, Lithium Polymer)",1199.0,4.2
304,"Intex 20000 mAh Power Bank (22 W, Fast Charging)  (Coal Black, Lithium Polymer)",1499.0,3.7
305,"Intex 20000 mAh Power Bank (22 W, Fast Charging)  (Navy Blue, Lithium Polymer)",1499.0,3.7
306,"AJYE 30000 mAh Power Bank  (Black, Lithium-ion)",569.0,1.7
307,"Ambrane 10000 mAh Power Bank (20 W, Quick Charge 3.0, Power Delivery 2.0)  (Black, Lithium Polymer)",999.0,4.1
308,"Callmate 10000 mAh Power Bank (23 W, Fast Charging, Power Delivery 3.0)  (Black, Lithium-ion)",1099.0,4.1
309,"Ambrane 20000 mAh Power Bank (20 W, Quick Charge 3.0, Power Delivery 2.0)  (Black, Lithium Polymer)",1799.0,4.1
310,"Ambrane 20000 mAh Power Bank (10.5 W, Fast Charging)  (Green, Lithium Polymer)",1499.0,4.0
311,"Gizmore 10000 mAh Power Bank  (Black, Lithium Polymer)",599.0,3.6
312,"Callmate 10000 mAh Power Bank (15 W, Fast Charging)  (Black, Lithium Polymer)",1299.0,3.1
313,"REDMI 10000 mAh Power Bank (10 W, Fast Charging)  (Black, Lithium Polymer)",1199.0,4.2
314,"REDMI 20000 mAh Power Bank (18 W, Fast Charging)  (Black, Lithium Polymer)",2049.0,4.3
315,"nwb 30000 mAh Power Bank  (Black, Lithium-ion)",499.0,3.3
316,"ORENICS 20000 mAh Power Bank (18 W, Fast Charging, Power Delivery 2.0)  (Black, Lithium Polymer)",1299.0,4.3
317,"Foxin 20000 mAh Power Bank (12 W, Fast Charging)  (Blue, Lithium-ion)",1099.0,4.3
318,"REDMI 20000 mAh Power Bank (18 W, Fast Charging)  (White, Lithium Polymer)",2049.0,4.3
319,"Binori 20000 mAh Power Bank (Fast Charging)  (Black, Lithium-ion)",499.0,3.3
320,"boAt 10000 mAh Power Bank (22.5 W, Quick Charge 3.0)  (Carbon Black, Lithium-ion)",1299.0,4.2
321,"SAMSUNG 10000 mAh Power Bank (25 W, Fast Charging)  (Beige, Lithium-ion)",1999.0,4.3
322,"ORAIMO 20000 mAh Power Bank (12 w, Fast Charging)  (Blue, Lithium Polymer)",1099.0,4.1
323,"ORAIMO 20000 mAh Power Bank (12 w, Fast Charging)  (Black, Lithium Polymer)",1099.0,4.1
324,"ORAIMO 20000 mAh Power Bank (12 w, Fast Charging)  (White, Lithium Polymer)",1099.0,4.1
325,"Syska 10000 mAh Power Bank (Fast Charging)  (Elegant Black, Lithium Polymer)",799.0,3.7
326,"AJYE 20000 mAh Power Bank  (Black, Lithium-ion)",569.0,4.2
327,"Ambrane 10000 mAh Power Bank (12 W, Fast Charging)  (Blue, Lithium Polymer)",899.0,4.1
328,"Intex 20000 mAh Power Bank (12 W, Fast Charging)  (Navy Blue, Lithium Polymer)",1199.0,3.8
329,"Ambrane 20000 mAh Power Bank (20 W, Power Delivery 3.0, Quick Charge 3.0)  (Blue, Lithium Polymer)",1999.0,4.2
330,"Ambrane 10000 mAh Power Bank (12 W, Fast Charging)  (Black, Lithium Polymer)",899.0,4.1
331,"AJYE 20000 mAh Power Bank  (Black, Lithium-ion)",569.0,5.0
332,"Mi 10000 mAh Wireless Power Bank  (Black, Lithium Polymer)",2499.0,4.2
333,"Ambrane 20000 mAh Power Bank (20 W, Power Delivery 3.0, Quick Charge 3.0)  (Black, Lithium Polymer)",1999.0,4.2
334,"Ambrane 20000 mAh Power Bank (20 W, Power Delivery 3.0, Quick Charge 3.0)  (Green, Lithium Polymer)",1999.0,4.2
335,"conekt 10000 mAh Power Bank (20 W, Power Delivery 3.0)  (Blue, Lithium Polymer)",593.0,3.7
336,"Strongvolt 20000 mAh Power Bank (12 W)  (Black, Lithium-ion)",649.0,3.6
337,"AJYE 10000 mAh Power Bank  (Black, Lithium-ion)",569.0,3.7
338,"Binori 20000 mAh Power Bank (Fast Charging)  (White, Lithium-ion)",490.0,3.4
339,"Syska 20000 mAh Power Bank (18 W, Fast Charging)  (Pearl Black, Lithium Polymer)",1549.0,4.0
340,"Intex 10000 mAh Power Bank (12 W, Fast Charging)  (Coal Black, Lithium Polymer)",799.0,3.8
341,"AJYE 20000 mAh Power Bank  (Black, Lithium-ion)",569.0,3.5
342,"Ambrane 27000 mAh Power Bank (20 W, Quick Charge 3.0, Power Delivery 2.0)  (Green, Lithium Polymer)",2399.0,4.2
343,"Intex 20000 mAh Power Bank (12 W, Fast Charging)  (Coal Black, Lithium Polymer)",1199.0,3.8
344,"conekt 10000 mAh Power Bank (20 W, Power Delivery 3.0)  (Black, Lithium Polymer)",599.0,3.7
345,"APPLE MagSafe Battery Pack Wireless Power Bank Compatible withIphone 12, Iphone 12 Pro, Iphone 12 Pro Max, Iphone 12 Mini, Iphone 13, Iphone 13 mini, Iphone 13 Pro , Iphone 13 Pro Max  (White, Lithium-ion)",9999.0,3.9
346,"AJYE 30000 mAh Power Bank  (Black, Lithium-ion)",569.0,1.7
347,"Ambrane 10000 mAh Power Bank (20 W, Quick Charge 3.0, Power Delivery 2.0)  (Black, Lithium Polymer)",999.0,4.1
348,"Ambrane 27000 mAh Power Bank (20 W, Quick Charge 3.0, Power Delivery 2.0)  (Black, Lithium Polymer)",2499.0,4.2
349,"Ambrane 10000 mAh Wireless Power Bank  (Black, Lithium Polymer)",2289.0,3.6
350,"Ambrane 20000 mAh Power Bank (10.5 W, Fast Charging)  (Green, Lithium Polymer)",1499.0,4.0
351,"Gizmore 10000 mAh Power Bank  (Black, Lithium Polymer)",599.0,3.6
352,"Ambrane 10000 mAh Power Bank (20 W, Quick Charge 3.0, Power Delivery 2.0)  (Blue, Lithium Polymer)",999.0,4.1
353,"Callmate 10000 mAh Power Bank (15 W, Fast Charging)  (Black, Lithium Polymer)",756.0,3.8
354,"Ambrane 27000 mAh Power Bank (18 W, Fast Charging)  (Black, Lithium Polymer)",2362.0,4.2
355,"Ambrane 10000 mAh Power Bank (20 W, Quick Charge 3.0, Power Delivery 2.0)  (Green, Lithium Polymer)",1179.0,4.1
356,"Intex 20000 mAh Power Bank (22 W, Fast Charging)  (Navy Blue, Lithium Polymer)",1499.0,3.7
357,"ORENICS 20000 mAh Power Bank (18 W, Fast Charging, Power Delivery 2.0)  (Black, Lithium Polymer)",1299.0,4.0
358,"Binori 20000 mAh Power Bank  (Pink, White, Lithium-ion)",498.0,3.3
359,"ZEBRONICS 10000 mAh Power Bank (20 W, Fast Charging)  (Blue, Lithium Polymer)",999.0,4.1
360,"boAt 10000 mAh Power Bank (22.5 W, Quick Charge 3.0)  (Carbon Black, Lithium-ion)",1299.0,4.2
361,"SAMSUNG 10000 mAh Power Bank (25 W, Fast Charging)  (Beige, Lithium-ion)",1999.0,4.3
362,"Mi 3i 20000 mAh Power Bank (Fast Charging, 18W)  (Black, Lithium Polymer)",2149.0,4.3
363,"boAt 20000 mAh Power Bank (22.5 W, Quick Charge 3.0)  (Carbon Black, Lithium-ion)",1799.0,4.2
364,"boAt 10000 mAh Power Bank (22.5 W, Quick Charge 3.0)  (Steel Blue, Lithium-ion)",1299.0,4.2
365,"Mi 3i 10000 mAh Power Bank (Fast Charging, 18W)  (Blue, Lithium Polymer)",1299.0,4.3
366,"Mi 3i 10000 mAh Power Bank (Fast Charging, 18W)  (Black, Lithium Polymer)",1299.0,4.3
367,"Ambrane 10000 mAh Power Bank (12 W, Fast Charging)  (Blue, Lithium Polymer)",899.0,4.1
368,"Mi 10000 mAh Power Bank (22.5 W, Fast Charging)  (Black, Lithium Polymer)",1699.0,4.3
369,"Ambrane 10000 mAh Power Bank (12 W, Fast Charging)  (Black, Lithium Polymer)",899.0,4.1
370,"AJYE 20000 mAh Power Bank  (Black, Lithium-ion)",569.0,4.2
371,"Strongvolt 20000 mAh Power Bank (12 W)  (Black, Lithium-ion)",649.0,3.6
372,"Mi 30000 mAh Power Bank (18 W, Fast Charging, Power Delivery 3.0)  (Black, Lithium Polymer)",3499.0,4.3
373,"Spigen 10000 mAh Wireless Power Bank (20 W, Power Delivery 3.0)  (Black, Lithium Polymer)",1599.0,4.4
374,"Flipkart SmartBuy 20000 mAh Power Bank (22.5 W, Power Delivery 3.0, Quick Charge 3.0)  (Black, Lithium Polymer)",1299.0,4.0
375,"AMYTEL 20000 mAh Power Bank (25 W, Fast Charging, Quick Charge 4.0)  (Black, Lithium Polymer)",899.0,3.9
376,"ORENICS 20000 mAh Power Bank (18 W, Fast Charging, Power Delivery 2.0)  (Black, Lithium Polymer)",1299.0,4.3
377,"Ambrane 20000 mAh Power Bank (10.5 W, Fast Charging)  (Green, Lithium Polymer)",1499.0,4.0
378,"Intex 10000 mAh Power Bank (22 W, Fast Charging, Quick Charge 3.0)  (Navy Blue, Lithium Polymer)",899.0,3.7
379,"Intex 10000 mAh Power Bank (22 W, Fast Charging)  (Coal Black, Lithium Polymer)",899.0,3.7
380,"AJYE 20000 mAh Power Bank  (Black, Lithium-ion)",569.0,5.0
381,"Intex 10000 mAh Power Bank (12 W, Fast Charging)  (Coal Black, Lithium Polymer)",799.0,3.8
382,"Spigen 10000 mAh Wireless Power Bank (20 W, Fast Charging)  (Black, Lithium Polymer)",2349.0,4.0
383,"Intex 20000 mAh Power Bank (22 W, Fast Charging)  (Coal Black, Lithium Polymer)",1499.0,3.7
384,"Intex 20000 mAh Power Bank (22 W, Fast Charging)  (Navy Blue, Lithium Polymer)",1499.0,3.7
385,"REDMI 10000 mAh Power Bank (10 W, Fast Charging)  (White, Lithium Polymer)",1199.0,4.2
386,"Gizmore 10000 mAh Power Bank  (Black, Lithium Polymer)",599.0,3.6
387,"AJYE 10000 mAh Power Bank  (Black, Lithium-ion)",569.0,4.2
388,"Callmate 10000 mAh Power Bank (15 W, Fast Charging)  (Black, Lithium Polymer)",1299.0,3.1
389,"REDMI 10000 mAh Power Bank (10 W, Fast Charging)  (Black, Lithium Polymer)",1199.0,4.2
390,"Ambrane 10000 mAh Power Bank (22.5 W, Power Delivery 3.0, Quick Charge 3.0)  (Black, Lithium Polymer)",1599.0,4.3
391,"AJYE 30000 mAh Power Bank  (Black, Lithium-ion)",569.0,1.7
392,"Syska 20000 mAh Power Bank (18 W, Fast Charging)  (Midnight Blue, Lithium Polymer)",1549.0,4.1
393,"Binori 20000 mAh Power Bank (Fast Charging)  (Black, Lithium-ion)",499.0,3.3
394,"REDMI 20000 mAh Power Bank (18 W, Fast Charging)  (Black, Lithium Polymer)",2049.0,4.3
395,"Callmate 10000 mAh Power Bank (23 W, Fast Charging, Power Delivery 3.0)  (Black, Lithium-ion)",1099.0,4.1
396,"DUDAO 10000 mAh Wireless Power Bank (15 W, Power Delivery 3.0)  (Black, Lithium Polymer)",3199.0,4.7
397,"Intex 20000 mAh Power Bank (12 W, Fast Charging)  (Navy Blue, Lithium Polymer)",1199.0,3.8
398,"nwb 30000 mAh Power Bank  (Black, Lithium-ion)",499.0,3.3
399,"REDMI 20000 mAh Power Bank (18 W, Fast Charging)  (White, Lithium Polymer)",2049.0,4.3
